Evenement sportif;Date
Super Bowl;01-02-2015
Super Bowl;07-02-2016
Super Bowl;05-02-2017
Super Bowl;05-02-2018
Super Bowl;04-02-2019
Finale NBA;04-06-2015
Finale NBA;07-06-2015
Finale NBA;09-06-2015
Finale NBA;11-06-2015
Finale NBA;14-06-2015
Finale NBA;16-06-2015
Finale NBA;02-06-2016
Finale NBA;05-06-2016
Finale NBA;08-06-2016
Finale NBA;10-06-2016
Finale NBA;13-06-2016
Finale NBA;16-06-2016
Finale NBA;19-06-2016
Finale NBA;01-06-2017
Finale NBA;04-06-2017
Finale NBA;07-06-2017
Finale NBA;09-06-2017
Finale NBA;05-06-2017
Finale NBA;12-06-2017
Finale NBA;31-05-2018
Finale NBA;03-06-2018
Finale NBA;06-06-2018
Finale NBA;08-06-2018
Finale NBA;30-05-2019
Finale NBA;02-06-2019
Finale NBA;05-06-2019
Finale NBA;07-06-2019
Finale NBA;10-06-2019
Finale NBA;13-06-2019
